{
  "ibm12_n651_g47x47": {
    "ld": 4.0,
    "lc": 4.0,
    "proxy": 2.6557117922278946,
    "n_probes": 83,
    "diag": {
      "dominant_axis": "cong",
      "basin_diversity": 0.41611227479175233,
      "cong_floor": 5.008556462513031,
      "den_floor": 1.017005649883333,
      "wl_floor": 0.07024247782505101,
      "best_proxy": 3.2302271507302116,
      "n_probes": 83
    }
  },
  "ibm13_n424_g43x43": {
    "ld": 4.0,
    "lc": 0.43000000000000005,
    "proxy": 1.9830794488398737,
    "n_probes": 180,
    "diag": {
      "dominant_axis": "cong",
      "basin_diversity": 0.24210195233188295,
      "cong_floor": 3.467146709604115,
      "den_floor": 1.010476219558198,
      "wl_floor": 0.0649420198145115,
      "best_proxy": 2.3515171600717326,
      "n_probes": 180
    }
  },
  "ibm16_n458_g48x45": {
    "ld": 0.05,
    "lc": 4.0,
    "proxy": 2.23909512252885,
    "n_probes": 148,
    "diag": {
      "dominant_axis": "cong",
      "basin_diversity": 0.28059424380823395,
      "cong_floor": 4.128617526078468,
      "den_floor": 1.0072335368861132,
      "wl_floor": 0.060261080388088646,
      "best_proxy": 2.7056096860289816,
      "n_probes": 148
    }
  },
  "ibm18_n285_g39x55": {
    "ld": 2.7526315789473683,
    "lc": 2.32,
    "proxy": 1.2090863424685336,
    "n_probes": 164,
    "diag": {
      "dominant_axis": "cong",
      "basin_diversity": 0.1155537323789122,
      "cong_floor": 3.5894891973433545,
      "den_floor": 0.5434621953066959,
      "wl_floor": 0.07353831401732398,
      "best_proxy": 2.171276999407529,
      "n_probes": 164
    }
  },
  "ibm14_n614_g44x49": {
    "ld": 0.05,
    "lc": 1.06,
    "proxy": 2.199211573305128,
    "n_probes": 116,
    "diag": {
      "dominant_axis": "cong",
      "basin_diversity": 0.327617433839901,
      "cong_floor": 3.7618271503949683,
      "den_floor": 0.7992250596002789,
      "wl_floor": 0.06333159251562535,
      "best_proxy": 2.398716075800005,
      "n_probes": 116
    }
  },
  "ibm15_n393_g38x57": {
    "ld": 0.05,
    "lc": 0.01,
    "proxy": 2.1324088048513556,
    "n_probes": 180,
    "diag": {
      "dominant_axis": "cong",
      "basin_diversity": 0.24093946484099998,
      "cong_floor": 3.7066779800392102,
      "den_floor": 1.0027958126480367,
      "wl_floor": 0.07486376788214244,
      "best_proxy": 2.4660978294650886,
      "n_probes": 180
    }
  },
  "ibm09_n253_g38x36": {
    "ld": 0.05,
    "lc": 0.43000000000000005,
    "proxy": 1.768315850927023,
    "n_probes": 260,
    "diag": {
      "dominant_axis": "cong",
      "basin_diversity": 0.1694730902677042,
      "cong_floor": 2.6876789870039737,
      "den_floor": 1.0001523450201384,
      "wl_floor": 0.07028730368453594,
      "best_proxy": 1.9523444156687593,
      "n_probes": 260
    }
  },
  "ibm02_n271_g27x30": {
    "ld": 2.3368421052631576,
    "lc": 2.95,
    "proxy": 2.7659473107848447,
    "n_probes": 52,
    "diag": {
      "dominant_axis": "cong",
      "basin_diversity": 0.2064346377449015,
      "cong_floor": 5.1754353818119965,
      "den_floor": 1.03102011187845,
      "wl_floor": 0.08007759802528307,
      "best_proxy": 3.3164198149111916,
      "n_probes": 52
    }
  },
  "ibm11_n373_g45x39": {
    "ld": 0.05,
    "lc": 0.6400000000000001,
    "proxy": 1.8055168759151736,
    "n_probes": 212,
    "diag": {
      "dominant_axis": "cong",
      "basin_diversity": 0.14989469664434424,
      "cong_floor": 2.9655271130648924,
      "den_floor": 1.0037896449708987,
      "wl_floor": 0.06697523060947168,
      "best_proxy": 2.0777337469834385,
      "n_probes": 212
    }
  },
  "ibm17_n760_g44x51": {
    "ld": 1.9210526315789476,
    "lc": 1.9000000000000001,
    "proxy": 2.1791349174389065,
    "n_probes": 68,
    "diag": {
      "dominant_axis": "cong",
      "basin_diversity": 0.4353957211592352,
      "cong_floor": 3.8014533052511594,
      "den_floor": 0.6879300539632752,
      "wl_floor": 0.06536910131397405,
      "best_proxy": 2.4827660522490436,
      "n_probes": 68
    }
  },
  "ibm01_n246_g41x45": {
    "ld": 4.0,
    "lc": 1.4800000000000002,
    "proxy": 1.7948201705490052,
    "n_probes": 228,
    "diag": {
      "dominant_axis": "cong",
      "basin_diversity": 0.22425031655512512,
      "cong_floor": 2.813127998660552,
      "den_floor": 1.0015679701474753,
      "wl_floor": 0.06925805629817358,
      "best_proxy": 2.0365721964727825,
      "n_probes": 228
    }
  },
  "ibm03_n290_g29x32": {
    "ld": 4.0,
    "lc": 4.0,
    "proxy": 2.10661300392183,
    "n_probes": 228,
    "diag": {
      "dominant_axis": "cong",
      "basin_diversity": 0.2865860906590385,
      "cong_floor": 4.251146887281971,
      "den_floor": 1.0153913764236602,
      "wl_floor": 0.08933553962276482,
      "best_proxy": 2.7550223245994494,
      "n_probes": 228
    }
  },
  "ibm04_n295_g30x31": {
    "ld": 2.7526315789473683,
    "lc": 4.0,
    "proxy": 2.1742867528857985,
    "n_probes": 196,
    "diag": {
      "dominant_axis": "cong",
      "basin_diversity": 0.2744315985276813,
      "cong_floor": 3.7974067615693325,
      "den_floor": 1.0036337074004018,
      "wl_floor": 0.08171069294129348,
      "best_proxy": 2.518736823597542,
      "n_probes": 196
    }
  },
  "ibm06_n178_g28x31": {
    "ld": 4.0,
    "lc": 4.0,
    "proxy": 2.6516502164515368,
    "n_probes": 292,
    "diag": {
      "dominant_axis": "cong",
      "basin_diversity": 0.15582728134889,
      "cong_floor": 4.982887682098834,
      "den_floor": 1.0001082887878867,
      "wl_floor": 0.07693839019493685,
      "best_proxy": 3.087362300402069,
      "n_probes": 292
    }
  },
  "ibm07_n291_g32x35": {
    "ld": 0.05,
    "lc": 1.4800000000000002,
    "proxy": 2.198735130116842,
    "n_probes": 244,
    "diag": {
      "dominant_axis": "cong",
      "basin_diversity": 0.16632615578655974,
      "cong_floor": 3.851145511731055,
      "den_floor": 1.000581962915911,
      "wl_floor": 0.07630763268380857,
      "best_proxy": 2.5223403563881694,
      "n_probes": 244
    }
  },
  "ibm08_n301_g34x38": {
    "ld": 2.544736842105263,
    "lc": 2.32,
    "proxy": 2.399324388852693,
    "n_probes": 228,
    "diag": {
      "dominant_axis": "cong",
      "basin_diversity": 0.4119693113366102,
      "cong_floor": 4.6807909367350735,
      "den_floor": 1.0245268942441652,
      "wl_floor": 0.08430020045032115,
      "best_proxy": 2.9605700220252644,
      "n_probes": 228
    }
  },
  "ibm10_n786_g41x55": {
    "ld": 1.7131578947368422,
    "lc": 1.6900000000000002,
    "proxy": 2.3162115459484305,
    "n_probes": 115,
    "diag": {
      "dominant_axis": "cong",
      "basin_diversity": 0.2572383029589623,
      "cong_floor": 4.573323372983789,
      "den_floor": 1.083491474877887,
      "wl_floor": 0.06063876080316794,
      "best_proxy": 2.975064023548036,
      "n_probes": 115
    }
  }
}