{
  "ibm01_n246_g41x45": {
    "ld": 4.0,
    "lc": 1.2700000000000002,
    "proxy": 1.7804441854106727,
    "n_probes": 244,
    "diag": {
      "dominant_axis": "cong",
      "basin_diversity": 0.27179802675050596,
      "cong_floor": 2.803034250417349,
      "den_floor": 1.007615399998082,
      "wl_floor": 0.06910524273812924,
      "best_proxy": 2.0454103836443345,
      "n_probes": 244
    }
  },
  "ibm06_n178_g28x31": {
    "ld": 4.0,
    "lc": 0.22000000000000003,
    "proxy": 3.205403955807725,
    "n_probes": 52,
    "diag": {
      "dominant_axis": "cong",
      "basin_diversity": 0.10588959573958398,
      "cong_floor": 4.866229268589221,
      "den_floor": 1.0000000000000009,
      "wl_floor": 0.08139146681068551,
      "best_proxy": 3.0145061011052965,
      "n_probes": 52
    }
  },
  "ibm15_n393_g38x57": {
    "ld": 0.05,
    "lc": 0.22000000000000003,
    "proxy": 2.127705103296371,
    "n_probes": 196,
    "diag": {
      "dominant_axis": "cong",
      "basin_diversity": 0.25347678962840237,
      "cong_floor": 3.6859141401407105,
      "den_floor": 1.0002709369389728,
      "wl_floor": 0.07350829812773949,
      "best_proxy": 2.4233858945329145,
      "n_probes": 196
    }
  },
  "ibm11_n373_g45x39": {
    "ld": 0.05,
    "lc": 1.06,
    "proxy": 2.1426792735589273,
    "n_probes": 36,
    "diag": {
      "dominant_axis": "cong",
      "basin_diversity": 0.16167242872774557,
      "cong_floor": 2.9045971163248128,
      "den_floor": 1.0000000000000013,
      "wl_floor": 0.0676995802208149,
      "best_proxy": 2.0387623015647804,
      "n_probes": 36
    }
  },
  "ibm17_n760_g44x51": {
    "ld": 2.3368421052631576,
    "lc": 0.6400000000000001,
    "proxy": 2.180419897215694,
    "n_probes": 115,
    "diag": {
      "dominant_axis": "cong",
      "basin_diversity": 0.20826986460492566,
      "cong_floor": 3.5590618005010084,
      "den_floor": 0.7350665714756802,
      "wl_floor": 0.06599682578162519,
      "best_proxy": 2.2948173244479753,
      "n_probes": 115
    }
  },
  "ibm02_n271_g27x30": {
    "ld": 4.0,
    "lc": 0.8500000000000001,
    "proxy": 2.7659472840046857,
    "n_probes": 244,
    "diag": {
      "dominant_axis": "cong",
      "basin_diversity": 0.2053620258900309,
      "cong_floor": 5.129703152264915,
      "den_floor": 1.0193862020663744,
      "wl_floor": 0.07934675589928321,
      "best_proxy": 3.25965683564867,
      "n_probes": 244
    }
  },
  "ibm03_n290_g29x32": {
    "ld": 4.0,
    "lc": 0.01,
    "proxy": 2.106416772912898,
    "n_probes": 244,
    "diag": {
      "dominant_axis": "cong",
      "basin_diversity": 0.2658600380543895,
      "cong_floor": 4.2780047644349635,
      "den_floor": 1.0151687890809418,
      "wl_floor": 0.08888966847259981,
      "best_proxy": 2.7887695324241175,
      "n_probes": 244
    }
  },
  "ibm04_n295_g30x31": {
    "ld": 2.7526315789473683,
    "lc": 4.0,
    "proxy": 2.159024985544698,
    "n_probes": 244,
    "diag": {
      "dominant_axis": "cong",
      "basin_diversity": 0.27432410877838276,
      "cong_floor": 3.823397183242695,
      "den_floor": 1.0177260712097325,
      "wl_floor": 0.08112134935582085,
      "best_proxy": 2.535101697960195,
      "n_probes": 244
    }
  },
  "ibm09_n253_g38x36": {
    "ld": 0.05,
    "lc": 0.01,
    "proxy": 1.7824664324345367,
    "n_probes": 260,
    "diag": {
      "dominant_axis": "cong",
      "basin_diversity": 0.19369851244311714,
      "cong_floor": 2.7424848422850987,
      "den_floor": 1.000383670322188,
      "wl_floor": 0.06993148150431386,
      "best_proxy": 1.9419782404989743,
      "n_probes": 260
    }
  }
}