{
  "ibm12_n651_g47x47": {
    "ld": 4.0,
    "lc": 4.0,
    "proxy": 2.6557117922278946,
    "n_probes": 83,
    "diag": {
      "dominant_axis": "cong",
      "basin_diversity": 0.41611227479175233,
      "cong_floor": 5.008556462513031,
      "den_floor": 1.017005649883333,
      "wl_floor": 0.07024247782505101,
      "best_proxy": 3.2302271507302116,
      "n_probes": 83
    }
  },
  "ibm13_n424_g43x43": {
    "ld": 4.0,
    "lc": 0.43000000000000005,
    "proxy": 1.9830794488398737,
    "n_probes": 180,
    "diag": {
      "dominant_axis": "cong",
      "basin_diversity": 0.24210195233188295,
      "cong_floor": 3.467146709604115,
      "den_floor": 1.010476219558198,
      "wl_floor": 0.0649420198145115,
      "best_proxy": 2.3515171600717326,
      "n_probes": 180
    }
  },
  "ibm16_n458_g48x45": {
    "ld": 0.05,
    "lc": 4.0,
    "proxy": 2.2401575814432437,
    "n_probes": 148,
    "diag": {
      "dominant_axis": "cong",
      "basin_diversity": 0.28715729465947865,
      "cong_floor": 4.093168658859054,
      "den_floor": 1.007289083111498,
      "wl_floor": 0.060407248568032375,
      "best_proxy": 2.727843711090583,
      "n_probes": 148
    }
  },
  "ibm18_n285_g39x55": {
    "ld": 3.5842105263157893,
    "lc": 1.6900000000000002,
    "proxy": 1.3211820780327554,
    "n_probes": 196,
    "diag": {
      "dominant_axis": "cong",
      "basin_diversity": 0.09654031110526323,
      "cong_floor": 3.567651510192809,
      "den_floor": 0.5368634823970166,
      "wl_floor": 0.07367418987671481,
      "best_proxy": 2.1827343499200467,
      "n_probes": 196
    }
  },
  "ibm14_n614_g44x49": {
    "ld": 1.0894736842105264,
    "lc": 1.06,
    "proxy": 2.2036286707234036,
    "n_probes": 99,
    "diag": {
      "dominant_axis": "cong",
      "basin_diversity": 0.403396095385497,
      "cong_floor": 3.814124117452056,
      "den_floor": 0.7868105923930077,
      "wl_floor": 0.06290973531935726,
      "best_proxy": 2.422349824625228,
      "n_probes": 99
    }
  }
}